{"cameraMode":{"drawMode":0,"name":"Shaded","section":"Shading Mode"},"sceneLighting":true,"audioPlay":false,"sceneViewState":{"showFog":true,"showMaterialUpdate":false,"showSkybox":true,"showFlares":true,"showImageEffects":true,"showParticleSystems":true},"in2DMode":false,"pivot":{"x":8.989639282226563,"y":19.84621810913086,"z":-75.84502410888672},"rotation":{"x":0.44773197174072268,"y":-0.027895987033843995,"z":0.0139238890260458,"w":0.8937788605690002},"size":7.048803329467773,"orthographic":false}