{"cameraMode":{"drawMode":0,"name":"Shaded","section":"Shading Mode"},"sceneLighting":true,"audioPlay":false,"sceneViewState":{"showFog":true,"showMaterialUpdate":false,"showSkybox":true,"showFlares":true,"showImageEffects":true,"showParticleSystems":true},"in2DMode":false,"pivot":{"x":-6.0901994705200199,"y":0.44819995760917666,"z":-35.217952728271487},"rotation":{"x":-0.13986322283744813,"y":-0.7109988331794739,"z":0.14778880774974824,"w":-0.6731777787208557},"size":13.732359886169434,"orthographic":false}