{"cameraMode":{"drawMode":0,"name":"Shaded","section":"Shading Mode"},"sceneLighting":true,"audioPlay":false,"sceneViewState":{"showFog":true,"showMaterialUpdate":false,"showSkybox":true,"showFlares":true,"showImageEffects":true,"showParticleSystems":true},"in2DMode":false,"pivot":{"x":0.5916521549224854,"y":9.245338439941407,"z":-49.71247100830078},"rotation":{"x":0.02390228770673275,"y":-0.9625096321105957,"z":0.25492578744888308,"w":0.09070497751235962},"size":7.048803329467773,"orthographic":false}