{"cameraMode":{"drawMode":0,"name":"Shaded","section":"Shading Mode"},"sceneLighting":true,"audioPlay":false,"sceneViewState":{"showFog":true,"showMaterialUpdate":false,"showSkybox":true,"showFlares":true,"showImageEffects":true,"showParticleSystems":true},"in2DMode":false,"pivot":{"x":11.4000883102417,"y":4.974855899810791,"z":-70.10836029052735},"rotation":{"x":0.1535041183233261,"y":0.5345942378044128,"z":-0.09942564368247986,"w":0.825249969959259},"size":7.048803329467773,"orthographic":false}