{"cameraMode":{"drawMode":0,"name":"Shaded","section":"Shading Mode"},"sceneLighting":true,"audioPlay":false,"sceneViewState":{"showFog":true,"showMaterialUpdate":false,"showSkybox":true,"showFlares":true,"showImageEffects":true,"showParticleSystems":true},"in2DMode":false,"pivot":{"x":-10.159795761108399,"y":5.889471054077148,"z":-55.887516021728519},"rotation":{"x":0.026491040363907815,"y":-0.97293621301651,"z":0.18246674537658692,"w":0.14082229137420655},"size":5.472431182861328,"orthographic":false}