{"cameraMode":{"drawMode":0,"name":"Shaded","section":"Shading Mode"},"sceneLighting":true,"audioPlay":false,"sceneViewState":{"showFog":true,"showMaterialUpdate":false,"showSkybox":true,"showFlares":true,"showImageEffects":true,"showParticleSystems":true},"in2DMode":false,"pivot":{"x":-2.339298725128174,"y":1.701664924621582,"z":-41.506553649902347},"rotation":{"x":-0.27916914224624636,"y":0.25036609172821047,"z":-0.07557481527328491,"w":-0.9239773154258728},"size":13.308538436889649,"orthographic":false}