{"cameraMode":{"drawMode":0,"name":"Shaded","section":"Shading Mode"},"sceneLighting":true,"audioPlay":false,"sceneViewState":{"showFog":true,"showMaterialUpdate":false,"showSkybox":true,"showFlares":true,"showImageEffects":true,"showParticleSystems":true},"in2DMode":false,"pivot":{"x":0.3929133415222168,"y":1.1300084590911866,"z":-28.701478958129884},"rotation":{"x":0.10791748762130737,"y":-0.6811972856521606,"z":0.1025252491235733,"w":0.7169036269187927},"size":5.073537826538086,"orthographic":false}