{"cameraMode":{"drawMode":0,"name":"Shaded","section":"Shading Mode"},"sceneLighting":true,"audioPlay":false,"sceneViewState":{"showFog":true,"showMaterialUpdate":false,"showSkybox":true,"showFlares":true,"showImageEffects":true,"showParticleSystems":true},"in2DMode":false,"pivot":{"x":-8.660467147827149,"y":6.680003643035889,"z":-18.77566909790039},"rotation":{"x":0.07987067103385925,"y":-0.610706090927124,"z":0.062205664813518527,"w":0.7854938507080078},"size":7.048803329467773,"orthographic":false}