{"cameraMode":{"drawMode":0,"name":"Shaded","section":"Shading Mode"},"sceneLighting":true,"audioPlay":false,"sceneViewState":{"showFog":true,"showMaterialUpdate":false,"showSkybox":true,"showFlares":true,"showImageEffects":true,"showParticleSystems":true},"in2DMode":false,"pivot":{"x":27.05522346496582,"y":9.219974517822266,"z":-54.22197723388672},"rotation":{"x":0.15745307505130769,"y":-0.5320801734924316,"z":0.10144343972206116,"w":0.8258138298988342},"size":2.373537540435791,"orthographic":false}