{"cameraMode":{"drawMode":0,"name":"Shaded","section":"Shading Mode"},"sceneLighting":true,"audioPlay":false,"sceneViewState":{"showFog":true,"showMaterialUpdate":false,"showSkybox":true,"showFlares":true,"showImageEffects":true,"showParticleSystems":true},"in2DMode":false,"pivot":{"x":-5.540073394775391,"y":9.306622505187989,"z":-47.344635009765628},"rotation":{"x":-0.11514001339673996,"y":0.752180278301239,"z":-0.13636627793312074,"w":-0.6346392631530762},"size":7.371641635894775,"orthographic":false}