{"cameraMode":{"drawMode":0,"name":"Shaded","section":"Shading Mode"},"sceneLighting":false,"audioPlay":false,"sceneViewState":{"showFog":true,"showMaterialUpdate":false,"showSkybox":false,"showFlares":true,"showImageEffects":true,"showParticleSystems":true},"in2DMode":false,"pivot":{"x":-16.190000534057618,"y":1.350000023841858,"z":-3.4600000381469728},"rotation":{"x":-0.0331030897796154,"y":-0.9577383995056152,"z":0.12218266725540161,"w":-0.25912946462631228},"size":5.402333736419678,"orthographic":false}