{"cameraMode":{"drawMode":0,"name":"Shaded","section":"Shading Mode"},"sceneLighting":true,"audioPlay":false,"sceneViewState":{"showFog":true,"showMaterialUpdate":false,"showSkybox":true,"showFlares":true,"showImageEffects":true,"showParticleSystems":true},"in2DMode":false,"pivot":{"x":-25.250520706176759,"y":-1.9150350093841553,"z":15.87541675567627},"rotation":{"x":0.060198575258255008,"y":-0.4932584762573242,"z":0.0342407301068306,"w":0.8671339750289917},"size":35.35971450805664,"orthographic":false}