{"cameraMode":{"drawMode":0,"name":"Shaded","section":"Shading Mode"},"sceneLighting":true,"audioPlay":false,"sceneViewState":{"showFog":true,"showMaterialUpdate":false,"showSkybox":true,"showFlares":true,"showImageEffects":true,"showParticleSystems":true},"in2DMode":false,"pivot":{"x":-0.17770333588123322,"y":0.8973787426948547,"z":-0.25424376130104067},"rotation":{"x":-0.047866661101579669,"y":0.8993396162986755,"z":-0.10188674926757813,"w":-0.42251190543174746},"size":4.4942169189453129,"orthographic":false}