{"cameraMode":{"drawMode":0,"name":"Shaded","section":"Shading Mode"},"sceneLighting":true,"audioPlay":false,"sceneViewState":{"showFog":true,"showMaterialUpdate":false,"showSkybox":true,"showFlares":true,"showImageEffects":true,"showParticleSystems":true},"in2DMode":false,"pivot":{"x":3.266627311706543,"y":-7.317214012145996,"z":31.489551544189454},"rotation":{"x":0.13932670652866364,"y":-0.02048773318529129,"z":0.002881520427763462,"w":0.9900414347648621},"size":35.35971450805664,"orthographic":false}