{"cameraMode":{"drawMode":0,"name":"Shaded","section":"Shading Mode"},"sceneLighting":true,"audioPlay":false,"sceneViewState":{"showFog":true,"showMaterialUpdate":false,"showSkybox":true,"showFlares":true,"showImageEffects":true,"showParticleSystems":true},"in2DMode":false,"pivot":{"x":-22.122549057006837,"y":6.433835983276367,"z":-13.283745765686036},"rotation":{"x":-0.20416466891765595,"y":0.28087684512138369,"z":-0.06128092110157013,"w":-0.9357813000679016},"size":7.804335594177246,"orthographic":false}