{"cameraMode":{"drawMode":0,"name":"Shaded","section":"Shading Mode"},"sceneLighting":true,"audioPlay":false,"sceneViewState":{"showFog":true,"showMaterialUpdate":false,"showSkybox":true,"showFlares":true,"showImageEffects":true,"showParticleSystems":true},"in2DMode":false,"pivot":{"x":-27.299606323242189,"y":2.641465187072754,"z":-9.22671890258789},"rotation":{"x":-0.15515147149562837,"y":0.7976821064949036,"z":-0.2313733845949173,"w":-0.5349023938179016},"size":8.099081039428711,"orthographic":false}