{"cameraMode":{"drawMode":0,"name":"Shaded","section":"Shading Mode"},"sceneLighting":true,"audioPlay":false,"sceneViewState":{"showFog":true,"showMaterialUpdate":false,"showSkybox":true,"showFlares":true,"showImageEffects":true,"showParticleSystems":true},"in2DMode":false,"pivot":{"x":6.269832134246826,"y":3.2026381492614748,"z":0.193900927901268},"rotation":{"x":-0.1929197758436203,"y":0.37370800971984866,"z":-0.0797739326953888,"w":-0.9037485718727112},"size":4.4942169189453129,"orthographic":false}