{"cameraMode":{"drawMode":0,"name":"Shaded","section":"Shading Mode"},"sceneLighting":true,"audioPlay":false,"sceneViewState":{"showFog":true,"showMaterialUpdate":false,"showSkybox":true,"showFlares":true,"showImageEffects":true,"showParticleSystems":true},"in2DMode":false,"pivot":{"x":0.7979221940040588,"y":2.042428731918335,"z":-1.838241457939148},"rotation":{"x":-0.04716259986162186,"y":0.21465754508972169,"z":-0.0103779137134552,"w":-0.9754984974861145},"size":1.8603239059448243,"orthographic":false}